period,gamma,method,level,coverage,width_mw,winkler_mw,rolling30_within_5pp
evaluation,0.005,split_static_aci,0.8,0.815088,3309.6,5149.4,0.157098
evaluation,0.005,split_static_aci,0.95,0.955928,6148.34,7984.71,0.523659
crisis,0.005,split_static_aci,0.8,0.755259,3211.14,5924.13,0.0471698
crisis,0.005,split_static_aci,0.95,0.938667,6201.05,9202.08,0.537736
evaluation,0.005,cqr_rolling_aci,0.8,0.802928,3403.15,4853.49,0.419558
evaluation,0.005,cqr_rolling_aci,0.95,0.950687,5712.63,7187.23,0.838486
crisis,0.005,cqr_rolling_aci,0.8,0.748771,3555.39,5554.63,0.429245
crisis,0.005,cqr_rolling_aci,0.95,0.936701,5838.24,8125.75,0.825472
evaluation,0.01,split_static_aci,0.8,0.81057,3250.5,5058.47,0.271293
evaluation,0.01,split_static_aci,0.95,0.953966,5961.63,7837.44,0.593691
crisis,0.01,split_static_aci,0.8,0.728131,2948.2,5853.22,0.0613208
crisis,0.01,split_static_aci,0.95,0.929428,5818.24,9173.73,0.589623
evaluation,0.01,cqr_rolling_aci,0.8,0.801973,3432.43,4846.7,0.447319
evaluation,0.01,cqr_rolling_aci,0.95,0.950196,5810.1,7216.52,0.831546
crisis,0.01,cqr_rolling_aci,0.8,0.756045,3651.06,5554.42,0.448113
crisis,0.01,cqr_rolling_aci,0.95,0.937095,6174.24,8305.55,0.79717
evaluation,0.02,split_static_aci,0.8,0.805716,3189.11,4890.77,0.380442
evaluation,0.02,split_static_aci,0.95,0.95252,5752.14,7592.22,0.701577
crisis,0.02,split_static_aci,0.8,0.733635,3068.92,5682.25,0.429245
crisis,0.02,split_static_aci,0.95,0.9253,5923.56,9096.57,0.665094
evaluation,0.02,cqr_rolling_aci,0.8,0.800269,3436.47,4823.11,0.49653
evaluation,0.02,cqr_rolling_aci,0.95,0.949757,5982.98,7329.21,0.842271
crisis,0.02,cqr_rolling_aci,0.8,0.772557,3847.93,5549.87,0.419811
crisis,0.02,cqr_rolling_aci,0.95,0.942599,7531.27,9282.11,0.740566
evaluation,0.05,split_static_aci,0.8,0.801947,3232.54,4776.43,0.571609
evaluation,0.05,split_static_aci,0.95,0.951074,5964.5,7548.15,0.792429
crisis,0.05,split_static_aci,0.8,0.76725,3615.96,5607.05,0.551887
crisis,0.05,split_static_aci,0.95,0.931787,6961.66,9102.02,0.716981
evaluation,0.05,cqr_rolling_aci,0.8,0.799262,3474.07,4837.16,0.620189
evaluation,0.05,cqr_rolling_aci,0.95,0.949912,6204.68,7457.72,0.935016
crisis,0.05,cqr_rolling_aci,0.8,0.792019,4310.89,5793.93,0.603774
crisis,0.05,cqr_rolling_aci,0.95,0.949282,6845.32,7954.41,1
evaluation,0.1,split_static_aci,0.8,0.800785,3440.68,4938,0.760883
evaluation,0.1,split_static_aci,0.95,0.950558,6385.66,7790.27,0.928076
crisis,0.1,split_static_aci,0.8,0.782976,4172.58,5973.69,0.773585
crisis,0.1,split_static_aci,0.95,0.939847,7551.07,9273.61,0.891509
evaluation,0.1,cqr_rolling_aci,0.8,0.799623,3552.86,4916.03,0.818297
evaluation,0.1,cqr_rolling_aci,0.95,0.950041,6464.96,7674.81,0.981073
crisis,0.1,cqr_rolling_aci,0.8,0.79654,4488.14,5950.65,0.801887
crisis,0.1,cqr_rolling_aci,0.95,0.950462,7372.72,8437.42,1
