method,level,hour,coverage
cqr_rolling,0.8,0,0.876704
cqr_rolling,0.8,1,0.861214
cqr_rolling,0.8,2,0.859006
cqr_rolling,0.8,3,0.851301
cqr_rolling,0.8,4,0.848203
cqr_rolling,0.8,5,0.847584
cqr_rolling,0.8,6,0.831475
cqr_rolling,0.8,7,0.83767
cqr_rolling,0.8,8,0.812268
cqr_rolling,0.8,9,0.807931
cqr_rolling,0.8,10,0.790582
cqr_rolling,0.8,11,0.781289
cqr_rolling,0.8,12,0.772615
cqr_rolling,0.8,13,0.760843
cqr_rolling,0.8,14,0.758984
cqr_rolling,0.8,15,0.757745
cqr_rolling,0.8,16,0.758364
cqr_rolling,0.8,17,0.756506
cqr_rolling,0.8,18,0.762082
cqr_rolling,0.8,19,0.784387
cqr_rolling,0.8,20,0.77943
cqr_rolling,0.8,21,0.781908
cqr_rolling,0.8,22,0.807931
cqr_rolling,0.8,23,0.821561
cqr_rolling,0.95,0,0.971499
cqr_rolling,0.95,1,0.969641
cqr_rolling,0.95,2,0.965839
cqr_rolling,0.95,3,0.961586
cqr_rolling,0.95,4,0.960967
cqr_rolling,0.95,5,0.958488
cqr_rolling,0.95,6,0.95601
cqr_rolling,0.95,7,0.962825
cqr_rolling,0.95,8,0.957249
cqr_rolling,0.95,9,0.951673
cqr_rolling,0.95,10,0.949195
cqr_rolling,0.95,11,0.943618
cqr_rolling,0.95,12,0.948575
cqr_rolling,0.95,13,0.938042
cqr_rolling,0.95,14,0.928129
cqr_rolling,0.95,15,0.932466
cqr_rolling,0.95,16,0.929988
cqr_rolling,0.95,17,0.923172
cqr_rolling,0.95,18,0.922553
cqr_rolling,0.95,19,0.934325
cqr_rolling,0.95,20,0.939281
cqr_rolling,0.95,21,0.936803
cqr_rolling,0.95,22,0.94176
cqr_rolling,0.95,23,0.949814
cqr_rolling_aci,0.8,0,0.864312
cqr_rolling_aci,0.8,1,0.862454
cqr_rolling_aci,0.8,2,0.856522
cqr_rolling_aci,0.8,3,0.849442
cqr_rolling_aci,0.8,4,0.848823
cqr_rolling_aci,0.8,5,0.845725
cqr_rolling_aci,0.8,6,0.828996
cqr_rolling_aci,0.8,7,0.834572
cqr_rolling_aci,0.8,8,0.804213
cqr_rolling_aci,0.8,9,0.810409
cqr_rolling_aci,0.8,10,0.796778
cqr_rolling_aci,0.8,11,0.766419
cqr_rolling_aci,0.8,12,0.773854
cqr_rolling_aci,0.8,13,0.747831
cqr_rolling_aci,0.8,14,0.756506
cqr_rolling_aci,0.8,15,0.751549
cqr_rolling_aci,0.8,16,0.753408
cqr_rolling_aci,0.8,17,0.747831
cqr_rolling_aci,0.8,18,0.754027
cqr_rolling_aci,0.8,19,0.773854
cqr_rolling_aci,0.8,20,0.776332
cqr_rolling_aci,0.8,21,0.783147
cqr_rolling_aci,0.8,22,0.803594
cqr_rolling_aci,0.8,23,0.815985
cqr_rolling_aci,0.95,0,0.97088
cqr_rolling_aci,0.95,1,0.97026
cqr_rolling_aci,0.95,2,0.963975
cqr_rolling_aci,0.95,3,0.960967
cqr_rolling_aci,0.95,4,0.965304
cqr_rolling_aci,0.95,5,0.960967
cqr_rolling_aci,0.95,6,0.959727
cqr_rolling_aci,0.95,7,0.962825
cqr_rolling_aci,0.95,8,0.960967
cqr_rolling_aci,0.95,9,0.954771
cqr_rolling_aci,0.95,10,0.954771
cqr_rolling_aci,0.95,11,0.944857
cqr_rolling_aci,0.95,12,0.952912
cqr_rolling_aci,0.95,13,0.939901
cqr_rolling_aci,0.95,14,0.933705
cqr_rolling_aci,0.95,15,0.936803
cqr_rolling_aci,0.95,16,0.932466
cqr_rolling_aci,0.95,17,0.922553
cqr_rolling_aci,0.95,18,0.925031
cqr_rolling_aci,0.95,19,0.936183
cqr_rolling_aci,0.95,20,0.946097
cqr_rolling_aci,0.95,21,0.937423
cqr_rolling_aci,0.95,22,0.948575
cqr_rolling_aci,0.95,23,0.952292
qr_raw,0.8,0,0.615242
qr_raw,0.8,1,0.578686
qr_raw,0.8,2,0.575155
qr_raw,0.8,3,0.570632
qr_raw,0.8,4,0.576828
qr_raw,0.8,5,0.566295
qr_raw,0.8,6,0.565056
qr_raw,0.8,7,0.610285
qr_raw,0.8,8,0.572491
qr_raw,0.8,9,0.528501
qr_raw,0.8,10,0.525403
qr_raw,0.8,11,0.51487
qr_raw,0.8,12,0.52912
qr_raw,0.8,13,0.521066
qr_raw,0.8,14,0.530359
qr_raw,0.8,15,0.525403
qr_raw,0.8,16,0.537175
qr_raw,0.8,17,0.533457
qr_raw,0.8,18,0.545229
qr_raw,0.8,19,0.564436
qr_raw,0.8,20,0.550186
qr_raw,0.8,21,0.54399
qr_raw,0.8,22,0.572491
qr_raw,0.8,23,0.584882
qr_raw,0.95,0,0.86741
qr_raw,0.95,1,0.833953
qr_raw,0.95,2,0.823602
qr_raw,0.95,3,0.827138
qr_raw,0.95,4,0.8228
qr_raw,0.95,5,0.820942
qr_raw,0.95,6,0.806691
qr_raw,0.95,7,0.86741
qr_raw,0.95,8,0.846964
qr_raw,0.95,9,0.835812
qr_raw,0.95,10,0.80855
qr_raw,0.95,11,0.812268
qr_raw,0.95,12,0.811029
qr_raw,0.95,13,0.804833
qr_raw,0.95,14,0.794919
qr_raw,0.95,15,0.799257
qr_raw,0.95,16,0.79368
qr_raw,0.95,17,0.784387
qr_raw,0.95,18,0.797398
qr_raw,0.95,19,0.827757
qr_raw,0.95,20,0.82342
qr_raw,0.95,21,0.807311
qr_raw,0.95,22,0.819703
qr_raw,0.95,23,0.827757
split_rolling,0.8,0,0.883519
split_rolling,0.8,1,0.892193
split_rolling,0.8,2,0.884472
split_rolling,0.8,3,0.881041
split_rolling,0.8,4,0.881041
split_rolling,0.8,5,0.875465
split_rolling,0.8,6,0.855019
split_rolling,0.8,7,0.802974
split_rolling,0.8,8,0.789963
split_rolling,0.8,9,0.79368
split_rolling,0.8,10,0.815985
split_rolling,0.8,11,0.790582
split_rolling,0.8,12,0.775093
split_rolling,0.8,13,0.737918
split_rolling,0.8,14,0.724907
split_rolling,0.8,15,0.736059
split_rolling,0.8,16,0.716853
split_rolling,0.8,17,0.716853
split_rolling,0.8,18,0.705081
split_rolling,0.8,19,0.724907
split_rolling,0.8,20,0.762082
split_rolling,0.8,21,0.783767
split_rolling,0.8,22,0.799257
split_rolling,0.8,23,0.802974
split_rolling,0.95,0,0.973978
split_rolling,0.95,1,0.975217
split_rolling,0.95,2,0.975776
split_rolling,0.95,3,0.969641
split_rolling,0.95,4,0.967782
split_rolling,0.95,5,0.968401
split_rolling,0.95,6,0.957869
split_rolling,0.95,7,0.938042
split_rolling,0.95,8,0.92689
split_rolling,0.95,9,0.943618
split_rolling,0.95,10,0.951053
split_rolling,0.95,11,0.946097
split_rolling,0.95,12,0.937423
split_rolling,0.95,13,0.92627
split_rolling,0.95,14,0.913879
split_rolling,0.95,15,0.9114
split_rolling,0.95,16,0.900867
split_rolling,0.95,17,0.890335
split_rolling,0.95,18,0.893432
split_rolling,0.95,19,0.909542
split_rolling,0.95,20,0.914498
split_rolling,0.95,21,0.94176
split_rolling,0.95,22,0.942999
split_rolling,0.95,23,0.951053
split_static,0.8,0,0.89715
split_static,0.8,1,0.902107
split_static,0.8,2,0.896894
split_static,0.8,3,0.89653
split_static,0.8,4,0.888476
split_static,0.8,5,0.885378
split_static,0.8,6,0.859975
split_static,0.8,7,0.804213
split_static,0.8,8,0.801115
split_static,0.8,9,0.825279
split_static,0.8,10,0.830855
split_static,0.8,11,0.816605
split_static,0.8,12,0.79368
split_static,0.8,13,0.782528
split_static,0.8,14,0.769517
split_static,0.8,15,0.781908
split_static,0.8,16,0.76456
split_static,0.8,17,0.75031
split_static,0.8,18,0.754647
split_static,0.8,19,0.763941
split_static,0.8,20,0.791202
split_static,0.8,21,0.809789
split_static,0.8,22,0.836431
split_static,0.8,23,0.837051
split_static,0.95,0,0.983271
split_static,0.95,1,0.98575
split_static,0.95,2,0.986335
split_static,0.95,3,0.978315
split_static,0.95,4,0.977695
split_static,0.95,5,0.976456
split_static,0.95,6,0.973358
split_static,0.95,7,0.952912
split_static,0.95,8,0.947336
split_static,0.95,9,0.960347
split_static,0.95,10,0.968401
split_static,0.95,11,0.968401
split_static,0.95,12,0.959108
split_static,0.95,13,0.943618
split_static,0.95,14,0.936183
split_static,0.95,15,0.94176
split_static,0.95,16,0.928748
split_static,0.95,17,0.929368
split_static,0.95,18,0.933705
split_static,0.95,19,0.934325
split_static,0.95,20,0.939281
split_static,0.95,21,0.952912
split_static,0.95,22,0.960347
split_static,0.95,23,0.965923
split_static_aci,0.8,0,0.887237
split_static_aci,0.8,1,0.903346
split_static_aci,0.8,2,0.891304
split_static_aci,0.8,3,0.889715
split_static_aci,0.8,4,0.883519
split_static_aci,0.8,5,0.883519
split_static_aci,0.8,6,0.868649
split_static_aci,0.8,7,0.805452
split_static_aci,0.8,8,0.799876
split_static_aci,0.8,9,0.807311
split_static_aci,0.8,10,0.829616
split_static_aci,0.8,11,0.806691
split_static_aci,0.8,12,0.77943
split_static_aci,0.8,13,0.747212
split_static_aci,0.8,14,0.736679
split_static_aci,0.8,15,0.738538
split_static_aci,0.8,16,0.729244
split_static_aci,0.8,17,0.718092
split_static_aci,0.8,18,0.714994
split_static_aci,0.8,19,0.733581
split_static_aci,0.8,20,0.76456
split_static_aci,0.8,21,0.7943
split_static_aci,0.8,22,0.806691
split_static_aci,0.8,23,0.817844
split_static_aci,0.95,0,0.982032
split_static_aci,0.95,1,0.982652
split_static_aci,0.95,2,0.98323
split_static_aci,0.95,3,0.975217
split_static_aci,0.95,4,0.976456
split_static_aci,0.95,5,0.975217
split_static_aci,0.95,6,0.967162
split_static_aci,0.95,7,0.952292
split_static_aci,0.95,8,0.943618
split_static_aci,0.95,9,0.958488
split_static_aci,0.95,10,0.962825
split_static_aci,0.95,11,0.962825
split_static_aci,0.95,12,0.950434
split_static_aci,0.95,13,0.94114
split_static_aci,0.95,14,0.931227
split_static_aci,0.95,15,0.929988
split_static_aci,0.95,16,0.921314
split_static_aci,0.95,17,0.914498
split_static_aci,0.95,18,0.916976
split_static_aci,0.95,19,0.925651
split_static_aci,0.95,20,0.933705
split_static_aci,0.95,21,0.953532
split_static_aci,0.95,22,0.95601
split_static_aci,0.95,23,0.964064
