time,day,hour,load,point,rte_j1,rte_j1_adj,lo80,hi80,lo95,hi95
2022-12-09 23:00:00+00:00,2022-12-10,0,66049.5,66970.6,63962.5,65249.4,65642.4,68744.5,64906.4,70477.5
2022-12-10 00:00:00+00:00,2022-12-10,1,62907,64413.1,61612.5,61857.9,62473.7,67004,62204.3,67348.6
2022-12-10 01:00:00+00:00,2022-12-10,2,62616.5,63955,60287.5,60897.4,62208.8,66533.8,62109.7,67225.7
2022-12-10 02:00:00+00:00,2022-12-10,3,60159.5,61234.4,57400,58195.3,60094.2,63456.3,59703.5,64374.3
2022-12-10 03:00:00+00:00,2022-12-10,4,58333,59059.3,55987.5,56324,57941.7,60857.8,57640.1,62155.7
2022-12-10 04:00:00+00:00,2022-12-10,5,58376,58921.1,56387.5,56025,58051.6,60892.3,58027.2,62193.6
2022-12-10 05:00:00+00:00,2022-12-10,6,60098.5,60348.8,58237.5,57491.4,59646.4,62860.7,59333.7,63938.3
2022-12-10 06:00:00+00:00,2022-12-10,7,62841.5,62210.8,61025,60615.5,61599.2,66011.5,60430.7,67318.7
2022-12-10 07:00:00+00:00,2022-12-10,8,65509.5,64542.3,63437.5,63655.8,62841.3,67454.6,62779.6,67981.6
2022-12-10 08:00:00+00:00,2022-12-10,9,68128.5,67292.5,66062.5,66546.9,65901.8,68962.4,65914.8,70413.2
2022-12-10 09:00:00+00:00,2022-12-10,10,69502,69443.7,67512.5,67956.6,67497.2,70390.2,67504.4,72034.8
2022-12-10 10:00:00+00:00,2022-12-10,11,69398,70114.6,68100,68299.9,68055,70884.5,67985.9,72376.1
2022-12-10 11:00:00+00:00,2022-12-10,12,69540,70207.6,68750,69196.4,69224.6,71907,68741.5,74355.6
2022-12-10 12:00:00+00:00,2022-12-10,13,67488,68631.3,67200,67647.3,67006.6,69799.2,67109.2,72049.4
2022-12-10 13:00:00+00:00,2022-12-10,14,65436.5,67167.2,65212.5,65259.5,65468.9,68020,65379.1,70564.7
2022-12-10 14:00:00+00:00,2022-12-10,15,65106,65891.3,63937.5,64350,65108.4,67888.6,64790,69606.9
2022-12-10 15:00:00+00:00,2022-12-10,16,64483.5,65777.2,62912.5,63387.2,64656.6,67583.8,64267.7,69653.3
2022-12-10 16:00:00+00:00,2022-12-10,17,66789,67749.4,65362.5,65245.1,65563.3,68586.8,65357.1,69977
2022-12-10 17:00:00+00:00,2022-12-10,18,70477.5,70274.1,68275,68210.4,67571.2,71113,67665.3,73124.6
2022-12-10 18:00:00+00:00,2022-12-10,19,72540,71301.2,69187.5,69967.4,69417.3,72219.1,68506.4,74418
2022-12-10 19:00:00+00:00,2022-12-10,20,70345.5,70023.1,66612.5,67971.1,67441.8,70845.3,67428.7,72455.1
2022-12-10 20:00:00+00:00,2022-12-10,21,67851.5,67299.2,64400,65492.1,65695.8,67947.5,65657.2,70329.9
2022-12-10 21:00:00+00:00,2022-12-10,22,66557.5,66301.8,64225,64410.3,64678.6,67645.4,64220.7,70042.3
2022-12-10 22:00:00+00:00,2022-12-10,23,68830,67174,66325,66384.9,65426.2,67632.8,65315.3,70667.8
2022-12-10 23:00:00+00:00,2022-12-11,0,67608,67032.5,64975,66320.9,65175.8,67885.6,63979.4,70009.1
2022-12-11 00:00:00+00:00,2022-12-11,1,64988,64010.3,63100,63401.8,61912.9,65527,61775.9,66887.8
2022-12-11 01:00:00+00:00,2022-12-11,2,64897.5,63078.3,62300,62946.6,61704.6,65330.9,61691.6,66931.6
2022-12-11 02:00:00+00:00,2022-12-11,3,62660.5,60969.1,59550,60383.1,59999.8,62491.8,59533.3,64302.3
2022-12-11 03:00:00+00:00,2022-12-11,4,60841,58805.9,58050,58422.8,57738.4,60392.8,57484.4,62077.7
2022-12-11 04:00:00+00:00,2022-12-11,5,60547.5,57863.1,58075,57735.8,57838.7,59429.9,57116.7,60973
2022-12-11 05:00:00+00:00,2022-12-11,6,61508,59042.3,59312.5,58575.2,58637.6,61906.1,58337.8,63042.6
2022-12-11 06:00:00+00:00,2022-12-11,7,63052,61436.3,60900,60505.7,59709.7,63062.3,59393.3,64976.9
2022-12-11 07:00:00+00:00,2022-12-11,8,64952,62663.1,62462.5,62711.6,61072.4,65258.7,60944.9,66935.8
2022-12-11 08:00:00+00:00,2022-12-11,9,67485.5,65766.9,65737.5,66256.8,63592.7,68136.8,63061,68579.9
2022-12-11 09:00:00+00:00,2022-12-11,10,70201,68354.9,68612.5,69093.3,66576,69600,65591.6,70894.4
2022-12-11 10:00:00+00:00,2022-12-11,11,71256.5,69721.7,69475,69699,67155.3,70132.3,66421.6,72303.4
2022-12-11 11:00:00+00:00,2022-12-11,12,71566.5,70413.2,69937.5,70379.4,68239.8,70961.6,66812.2,74225.2
2022-12-11 12:00:00+00:00,2022-12-11,13,69122,68862.3,66862.5,67242.4,66128.1,68996.6,64848.6,71591.9
2022-12-11 13:00:00+00:00,2022-12-11,14,66370.5,66517.5,64687.5,64630.2,64855.4,67659.8,63953.2,69830.9
2022-12-11 14:00:00+00:00,2022-12-11,15,65489,65799.6,64075,64410.9,64079.9,67729.6,63587.2,69604.4
2022-12-11 15:00:00+00:00,2022-12-11,16,65052,64980.5,63400,63816.7,63303.7,67460.7,62866.7,69545.2
2022-12-11 16:00:00+00:00,2022-12-11,17,67894.5,66473.8,65900,65781.8,64614.1,68564.6,64083.8,70232.2
2022-12-11 17:00:00+00:00,2022-12-11,18,72399.5,69767.2,69800,69791.6,66968,70442,66214.1,72510.4
2022-12-11 18:00:00+00:00,2022-12-11,19,75110,73057.3,72187.5,73046.9,70111,72963.1,68045.8,75786.1
2022-12-11 19:00:00+00:00,2022-12-11,20,73826.5,70515.4,69700,71109.8,68828.1,71111.6,67527.4,74665.7
2022-12-11 20:00:00+00:00,2022-12-11,21,71422,69057.3,67000,68152.8,66462.2,68651.2,65574.5,72291.8
2022-12-11 21:00:00+00:00,2022-12-11,22,69486.5,67789.9,66212.5,66430.1,65139.3,68264.7,64569.8,70957.8
2022-12-11 22:00:00+00:00,2022-12-11,23,70700,68814.4,67275,67371.9,66120.6,68098.1,65278.4,72162
2022-12-11 23:00:00+00:00,2022-12-12,0,69349,67158.5,67025,68426.6,66802.2,69297.4,66587.9,72509.9
2022-12-12 00:00:00+00:00,2022-12-12,1,66934.5,65127.7,65550,65896.3,64372.9,66570.2,64199.8,68877.7
2022-12-12 01:00:00+00:00,2022-12-12,2,67264,65288.4,65462.5,66171.6,64410.1,66874.4,64300.2,69084.2
2022-12-12 02:00:00+00:00,2022-12-12,3,65701.5,63810.5,63450,64348.5,62798.2,65561.3,62623.9,67927.8
2022-12-12 03:00:00+00:00,2022-12-12,4,64555,62342,62900,63336,61082.5,64744.4,60885.4,65866.3
2022-12-12 04:00:00+00:00,2022-12-12,5,66218.5,63323.6,65525,65258.6,62333.5,65536.7,62281,67482.6
2022-12-12 05:00:00+00:00,2022-12-12,6,71140,67737.5,70875,70218.6,68091.5,71179.7,66526,73815.2
2022-12-12 06:00:00+00:00,2022-12-12,7,77459.5,76642.9,77112.5,76795.3,74496.7,78171.3,72019.4,79640.5
2022-12-12 07:00:00+00:00,2022-12-12,8,80845,79708.5,79950,80281,77488.5,81225,74757.4,81600.1
2022-12-12 08:00:00+00:00,2022-12-12,9,81288,80824.6,80475,81068.7,78620,81786.7,75568.9,82185.2
2022-12-12 09:00:00+00:00,2022-12-12,10,81676,79808.6,79912.5,80456.3,78766.5,81394,75573.4,81861.5
2022-12-12 10:00:00+00:00,2022-12-12,11,81358.5,79980.8,79300,79560.6,78585.5,81347.3,75502.2,81691.8
2022-12-12 11:00:00+00:00,2022-12-12,12,81096,79234.4,77337.5,77799.4,78295.2,80708.3,74636.7,81233.1
2022-12-12 12:00:00+00:00,2022-12-12,13,78778.5,77853,74862.5,75237.2,76259.6,78950.2,72983.9,79479.4
2022-12-12 13:00:00+00:00,2022-12-12,14,78203.5,77209.7,74512.5,74448.6,75290.2,78162.7,72728.5,78914.5
2022-12-12 14:00:00+00:00,2022-12-12,15,78134.5,77140.4,74187.5,74557.2,75376.2,78169.3,72661.1,79192.3
2022-12-12 15:00:00+00:00,2022-12-12,16,77658.5,76419.3,74062.5,74519.8,74351.6,76947.6,72021.7,79092.1
2022-12-12 16:00:00+00:00,2022-12-12,17,79422.5,77878.6,76775,76727.3,75923.4,78800.9,73380.6,80051.7
2022-12-12 17:00:00+00:00,2022-12-12,18,82404.5,80627.1,79987.5,80072.6,78163.2,81338.6,74879.8,81904.1
2022-12-12 18:00:00+00:00,2022-12-12,19,84170,82875.5,80687.5,81662.1,79573.7,84588.3,75840.7,85566.7
2022-12-12 19:00:00+00:00,2022-12-12,20,80950.5,80052.4,76625,78140.8,77966.1,80983.3,74830.2,81478.5
2022-12-12 20:00:00+00:00,2022-12-12,21,76407.5,76201.6,72412.5,73656.3,74993.2,77757.4,72237,78975.5
2022-12-12 21:00:00+00:00,2022-12-12,22,73845,72913.7,70712.5,71014.6,72010.5,74170.7,70296.9,76866.2
2022-12-12 22:00:00+00:00,2022-12-12,23,74346.5,74348.9,71737.5,71920.5,72862,75249.4,70881.7,76988.8
2022-12-12 23:00:00+00:00,2022-12-13,0,72533.5,70874.3,69112.5,70522.1,69688,72818.2,68897.4,74493.7
2022-12-13 00:00:00+00:00,2022-12-13,1,70037.5,67656.5,67112.5,67474,66667.7,69949.5,66469,72061.9
2022-12-13 01:00:00+00:00,2022-12-13,2,70155.5,67824.7,66737.5,67477,66859,70251,66602.8,72298.5
2022-12-13 02:00:00+00:00,2022-12-13,3,68202,66501.2,63925,64862.8,65066.2,68693.2,64956.2,69833.9
2022-12-13 03:00:00+00:00,2022-12-13,4,66705.5,64775.4,62500,62975.7,63564.3,66385.2,63157.1,68321.5
2022-12-13 04:00:00+00:00,2022-12-13,5,67804.5,65774.4,64287.5,64058.3,64775,67241.3,64148.2,69442.9
2022-12-13 05:00:00+00:00,2022-12-13,6,72295,70237.4,69725,69110.8,69892.6,73510.4,67953.8,74398
2022-12-13 06:00:00+00:00,2022-12-13,7,78090,78007.2,77037.5,76754.5,75262.5,80041.4,73329.6,80668
2022-12-13 07:00:00+00:00,2022-12-13,8,81218.5,80657.1,80337.5,80703.1,77180.6,81589.4,74884,82474.2
2022-12-13 08:00:00+00:00,2022-12-13,9,82097,81042.3,80400,80985.2,78594.9,83457.4,76141.6,84492.2
2022-12-13 09:00:00+00:00,2022-12-13,10,81885.5,80847.1,80025,80551.3,78322.4,82201.2,75732.8,82714.5
2022-12-13 10:00:00+00:00,2022-12-13,11,81348,80073.2,79750,80012.2,78285.5,81482.5,75414.5,81703.2
2022-12-13 11:00:00+00:00,2022-12-13,12,80725,79544.9,79312.5,79765,77619.6,81291.9,75316.5,81247.6
2022-12-13 12:00:00+00:00,2022-12-13,13,78197,77419.1,77150,77514,75049.1,78430.2,72922.1,79227.5
2022-12-13 13:00:00+00:00,2022-12-13,14,77277.5,77114.3,75737.5,75659.2,74112.3,77567.1,72781,78670.5
2022-12-13 14:00:00+00:00,2022-12-13,15,76993.5,76666.1,74737.5,75102.9,74155.8,77496.4,72572.1,78536.4
2022-12-13 15:00:00+00:00,2022-12-13,16,76264,76146.9,73762.5,74238.1,73565,76673.2,72037.2,78933.8
2022-12-13 16:00:00+00:00,2022-12-13,17,77700,76751.4,76125,76138.8,75117.4,78648,73097.1,79271.4
2022-12-13 17:00:00+00:00,2022-12-13,18,80473.5,80325.1,79112.5,79270,77697.6,81504.1,74764.6,81468.7
2022-12-13 18:00:00+00:00,2022-12-13,19,81990.5,81878.4,79775,80807.9,79299.7,84335.9,75933.5,84684.3
2022-12-13 19:00:00+00:00,2022-12-13,20,78564,78563.2,76075,77675.1,77388.8,81047,74897.5,81355
2022-12-13 20:00:00+00:00,2022-12-13,21,74104.5,74604.5,71725,73060.7,73855.5,77171,72531.6,78007.1
2022-12-13 21:00:00+00:00,2022-12-13,22,71320.5,71260.4,70025,70410,70729.7,73309.2,70253.9,76122.8
2022-12-13 22:00:00+00:00,2022-12-13,23,71745.5,72930.3,70675,70975.1,71839.4,75117.3,71241.5,76173.7
2022-12-13 23:00:00+00:00,2022-12-14,0,69834,71463,67975,69450.4,69426.5,73396.6,69113.1,75094.6
2022-12-14 00:00:00+00:00,2022-12-14,1,66938.5,68385.6,66137.5,66569,66478.4,70277.4,66568.7,72332.1
2022-12-14 01:00:00+00:00,2022-12-14,2,66916,68358.5,66062.5,66862.5,66449.1,70147.5,66454.3,71883.3
2022-12-14 02:00:00+00:00,2022-12-14,3,64488.5,67300.7,63812.5,64819.1,64971.8,68718.5,64730.1,70257.5
2022-12-14 03:00:00+00:00,2022-12-14,4,62883,65418.1,62775,63322.5,63089,67058.4,63152.2,68207.7
2022-12-14 04:00:00+00:00,2022-12-14,5,63592,66638.3,64400,64247.1,64031.8,67811.9,64100.2,68995.4
2022-12-14 05:00:00+00:00,2022-12-14,6,67468.5,70965.2,68962.5,68440.2,69030.6,73336.5,68337.5,75159
2022-12-14 06:00:00+00:00,2022-12-14,7,72640,76845.1,74437.5,74239.1,74101.4,79114.4,72990.6,80811.9
2022-12-14 07:00:00+00:00,2022-12-14,8,75844.5,80553.9,77175,77598.3,77423.5,82822.6,75530.6,82936
2022-12-14 08:00:00+00:00,2022-12-14,9,76955.5,80839.7,77462.5,78075.3,77940.7,83012.2,75890.4,83349.5
2022-12-14 09:00:00+00:00,2022-12-14,10,77322,81410.1,77175,77748.6,78402.3,83587.7,76164.4,83511.4
2022-12-14 10:00:00+00:00,2022-12-14,11,77133.5,80275.8,77062.5,77377.7,78250.5,81914.9,75727.6,82639
2022-12-14 11:00:00+00:00,2022-12-14,12,76886,80558.6,76125,76663.8,77857.6,81776.6,75263.7,82167.7
2022-12-14 12:00:00+00:00,2022-12-14,13,74475,78217.1,74000,74465,75224.8,79516.3,73171.4,79842.3
2022-12-14 13:00:00+00:00,2022-12-14,14,73503.5,77218,74050,74088.8,74285.3,78459.1,72821,79474.4
2022-12-14 14:00:00+00:00,2022-12-14,15,73101.5,76722.4,73612.5,74090.5,74131.8,78433.5,72697.3,79478.9
2022-12-14 15:00:00+00:00,2022-12-14,16,72366.5,76118.4,73062.5,73669.5,73636.3,77981.9,72512.2,78949.6
2022-12-14 16:00:00+00:00,2022-12-14,17,73496,77772.7,74862.5,75025.9,75453.6,79533.8,73779.1,80500.4
2022-12-14 17:00:00+00:00,2022-12-14,18,76530.5,81311.5,77075,77380.4,77879.7,82846,75546.5,82856.9
2022-12-14 18:00:00+00:00,2022-12-14,19,77496,82035.9,77362.5,78539.9,79193.7,85112.9,76511.4,85561.7
2022-12-14 19:00:00+00:00,2022-12-14,20,73185.5,79332.3,73625,75374,77100.9,81796,75417.7,81930.4
2022-12-14 20:00:00+00:00,2022-12-14,21,69027.5,75227.3,69812.5,71283.7,73547.1,77931,73086.7,78165.2
2022-12-14 21:00:00+00:00,2022-12-14,22,66934,72798.9,68425,68941.2,70940.4,74488.5,71020.2,76352.4
2022-12-14 22:00:00+00:00,2022-12-14,23,68430.5,73696.2,68500,68930.5,71989,76404.8,71888.7,76392.9
2022-12-14 23:00:00+00:00,2022-12-15,0,66916,71017.9,65087.5,66664.3,68399.8,71440.8,68428.9,74510.5
2022-12-15 00:00:00+00:00,2022-12-15,1,64517.5,68582,64225,64776.1,65875.2,69039,65983.8,70551.3
2022-12-15 01:00:00+00:00,2022-12-15,2,64581,68712,63950,64866.7,66052.1,69139.5,66105.2,70720.6
2022-12-15 02:00:00+00:00,2022-12-15,3,62586,67066.4,61762.5,62905,64219.3,68183.5,64076.6,68798.2
2022-12-15 03:00:00+00:00,2022-12-15,4,60985.5,64784.2,60400,61095.6,62028.7,66630.5,62077.8,67405.7
2022-12-15 04:00:00+00:00,2022-12-15,5,61993,67059.5,62375,62373.9,63592.5,67807,63227,68287.7
2022-12-15 05:00:00+00:00,2022-12-15,6,66267,70870.8,67562.5,67166.9,67823.5,72198,67424.2,73421.3
2022-12-15 06:00:00+00:00,2022-12-15,7,72212.5,76054.7,73612.5,73459.9,73831.8,78284.4,72174,79991.7
2022-12-15 07:00:00+00:00,2022-12-15,8,75674,79911.3,76412.5,76850,76033.5,81532.6,74312.8,81684.2
2022-12-15 08:00:00+00:00,2022-12-15,9,76665,80487.3,76725,77372.8,76755,81974.9,74801.3,82579.6
2022-12-15 09:00:00+00:00,2022-12-15,10,77296,80540.3,76437.5,77061.5,77165.1,81960.5,75181.3,82612.8
2022-12-15 10:00:00+00:00,2022-12-15,11,77483,80001.5,76412.5,76762.6,76794,81369,74772.4,81589.2
2022-12-15 11:00:00+00:00,2022-12-15,12,77108.5,79457.3,75275,75820.1,75973.5,80393.6,74276.9,81336.5
2022-12-15 12:00:00+00:00,2022-12-15,13,74798.5,77868.1,73162.5,73621.2,74850.3,78036.5,73221.9,80458.3
2022-12-15 13:00:00+00:00,2022-12-15,14,73868,76134.8,73012.5,73072.2,73860.6,77707.9,72728.2,80043.5
2022-12-15 14:00:00+00:00,2022-12-15,15,73307,75758.1,72425,72952.8,73977.6,77640.5,72698.3,79991.1
2022-12-15 15:00:00+00:00,2022-12-15,16,72367.5,75727.2,71787.5,72469.8,72303.8,76970.7,71774.2,80112.5
2022-12-15 16:00:00+00:00,2022-12-15,17,73975,77609.4,74062.5,74305.9,74701.5,79058.2,73614.8,80950.6
2022-12-15 17:00:00+00:00,2022-12-15,18,77067.5,80053.5,77200,77599.1,76121.9,81381.6,74252.1,81402.1
2022-12-15 18:00:00+00:00,2022-12-15,19,78425,82082,77800,79063.1,77496.6,82984.9,75479.8,83142.1
2022-12-15 19:00:00+00:00,2022-12-15,20,75219.5,78978.1,74075,75885.5,75272,80247.8,73993,80752.3
2022-12-15 20:00:00+00:00,2022-12-15,21,71307.5,74173.1,70062.5,71579.2,71322.8,76037.7,70728.9,76834.3
2022-12-15 21:00:00+00:00,2022-12-15,22,68878,71872.9,68625,69176.3,69357.8,73175.9,69384.4,75725.4
2022-12-15 22:00:00+00:00,2022-12-15,23,69741.5,72718.9,69537.5,70007.1,69735.6,73908.1,69627.3,75640.2
2022-12-15 23:00:00+00:00,2022-12-16,0,68042.5,69947.6,66225,67787.7,68046.4,70425.6,67540,72553.1
2022-12-16 00:00:00+00:00,2022-12-16,1,65344.5,67508.8,64637.5,65178.3,65924.2,68636.2,65559,69797.8
2022-12-16 01:00:00+00:00,2022-12-16,2,65444,67693,64262.5,65146.5,66060.5,68840.1,65664.4,69990.2
2022-12-16 02:00:00+00:00,2022-12-16,3,63623,64405.5,61787.5,62895.4,63417.8,67053.7,63302.6,68342.6
2022-12-16 03:00:00+00:00,2022-12-16,4,62249.5,62655.7,60725,61381.8,61910.3,65551.2,61860.5,66641.1
2022-12-16 04:00:00+00:00,2022-12-16,5,63326,64129.8,62775,62716.3,63007.8,66607.5,62860.4,67760.6
2022-12-16 05:00:00+00:00,2022-12-16,6,67570,69210.2,67412.5,66946.9,67663.7,69843.1,66615.1,71525.9
2022-12-16 06:00:00+00:00,2022-12-16,7,73644.5,75368.4,73400,73147.1,73104,76855.1,70444.6,78608.1
2022-12-16 07:00:00+00:00,2022-12-16,8,77277,78799.7,76262.5,76597,75967.6,80345.4,73612.9,80744.6
2022-12-16 08:00:00+00:00,2022-12-16,9,78479,79966.9,77187.5,77758.3,77236.5,81046.4,74683.5,81792.8
2022-12-16 09:00:00+00:00,2022-12-16,10,78187,79400.1,77087.5,77681.3,77522.1,80777.5,75010.4,81354.9
2022-12-16 10:00:00+00:00,2022-12-16,11,76892,79247.1,76300,76645.7,77307.9,80534.9,74527.9,81045.6
2022-12-16 11:00:00+00:00,2022-12-16,12,75676,78348.3,74875,75442.9,76614.1,79788.7,73900.9,80420.2
2022-12-16 12:00:00+00:00,2022-12-16,13,72695.5,75970.4,72150,72616.9,74529.1,77305.8,71422.6,78272.5
2022-12-16 13:00:00+00:00,2022-12-16,14,71220,73833.4,71062.5,71124.9,72494,75906.3,70520.2,77610
2022-12-16 14:00:00+00:00,2022-12-16,15,70757,73709.8,70087.5,70607.1,72618.3,75644.3,70392.9,77675.1
2022-12-16 15:00:00+00:00,2022-12-16,16,70027,73724.7,69187.5,69842.1,71645.1,74543.6,70057.8,76941.4
2022-12-16 16:00:00+00:00,2022-12-16,17,72330,74980.4,72000,72201.1,73336.3,76444,71158.2,78834.3
2022-12-16 17:00:00+00:00,2022-12-16,18,76183.5,78380.6,74937.5,75305.2,76357,79515,73391.3,80773.9
2022-12-16 18:00:00+00:00,2022-12-16,19,77308.5,79276,75375,76584.2,76774.5,80800.2,73406.8,81443.7
2022-12-16 19:00:00+00:00,2022-12-16,20,75067.5,77334.4,72637.5,74343.4,75020.3,78016.8,72089.9,78488.1
2022-12-16 20:00:00+00:00,2022-12-16,21,72071.5,72749.9,69675,71100.8,71682.9,74536.7,69746.1,75469.5
2022-12-16 21:00:00+00:00,2022-12-16,22,70352,71968.1,68737.5,69211.1,69355.8,72454.3,68450.3,73905.1
2022-12-16 22:00:00+00:00,2022-12-16,23,71658,72224.4,70325,70757.7,70465.7,73845.3,68713,73937
