month,point,point_raw,rte_j1_adj,rte_j1,naive,point_oracle
2022-04-01,0.0333006,0.0325934,0.0198152,0.0311254,0.137102,0.0321064
2022-05-01,0.0207427,0.0151393,0.0159367,0.0153793,0.031957,0.0191335
2022-06-01,0.0123099,0.0122801,0.0135131,0.0179057,0.044285,0.0120147
2022-07-01,0.0132539,0.0130125,0.0122239,0.0158527,0.0366672,0.0139035
2022-08-01,0.0122915,0.0128945,0.0170967,0.0189138,0.0432198,0.0117544
2022-09-01,0.0104777,0.0119249,0.0112541,0.0139983,0.0177122,0.00973853
2022-10-01,0.0137409,0.0188505,0.0154614,0.0186996,0.0226618,0.0146876
2022-11-01,0.0194712,0.0215006,0.0182244,0.020551,0.0819755,0.0214855
2022-12-01,0.0296854,0.0390903,0.0190586,0.022589,0.150327,0.0284755
2023-01-01,0.0227304,0.0239489,0.016006,0.0178948,0.089029,0.0220392
2023-02-01,0.0238629,0.0276369,0.0208079,0.0250136,0.111965,0.0225554
2023-03-01,0.0259574,0.0346689,0.0171054,0.035239,0.0931874,0.0244587
2023-04-01,0.0269921,0.0334083,0.0195949,0.0390591,0.0678454,0.0287924
2023-05-01,0.0220474,0.0200685,0.0171805,0.0327245,0.0623545,0.0204043
2023-06-01,0.0106584,0.0127033,0.0121671,0.0229365,0.0150265,0.00998256
2023-07-01,0.0123867,0.0115799,0.0156681,0.0243314,0.037356,0.0123701
2023-08-01,0.0207016,0.0207907,0.0177443,0.0272211,0.0562413,0.0214029
2023-09-01,0.0104928,0.0115928,0.0134807,0.0170079,0.0263575,0.0100774
2023-10-01,0.0129776,0.0137364,0.0163412,0.0248256,0.027028,0.0126374
2023-11-01,0.0193365,0.0239933,0.0192146,0.0306075,0.0799827,0.0193905
2023-12-01,0.0236768,0.028343,0.0154791,0.0300533,0.113088,0.0180529
2024-01-01,0.0297357,0.0316215,0.0193054,0.0301329,0.135263,0.0281355
2024-02-01,0.0218405,0.0275357,0.0140585,0.0290417,0.0542586,0.018027
2024-03-01,0.0249198,0.025202,0.0164011,0.0257857,0.0774271,0.0243504
2024-04-01,0.0223459,0.0257124,0.0188953,0.0332404,0.0838057,0.023
2024-05-01,0.020951,0.0214033,0.0181198,0.0394671,0.0734611,0.0212831
2024-06-01,0.0116166,0.0119911,0.0143845,0.0307241,0.0165,0.0113587
2024-07-01,0.0107705,0.0105465,0.0142935,0.0284582,0.016488,0.0106465
2024-08-01,0.015319,0.0159199,0.0159664,0.0218977,0.0488832,0.0133135
2024-09-01,0.0118634,0.0117204,0.012763,0.028611,0.030035,0.0118476
2024-10-01,0.0148262,0.0155616,0.0131241,0.024317,0.02339,0.0129316
2024-11-01,0.0251719,0.0245416,0.0183413,0.0247935,0.0851336,0.0223987
2024-12-01,0.0273505,0.0303038,0.0179405,0.0268164,0.0798288,0.0249514
2025-01-01,0.0248653,0.0269126,0.020509,0.0222937,0.102472,0.0216721
2025-02-01,0.0196793,0.0234518,0.014954,0.0220887,0.082143,0.0225309
2025-03-01,0.0243404,0.024595,0.0150888,0.0232042,0.122574,0.0192773
2025-04-01,0.0228153,0.0234567,0.017504,0.0359083,0.060103,0.0223959
2025-05-01,0.0201621,0.0194395,0.0183324,0.0427585,0.0549884,0.0191587
2025-06-01,0.01126,0.0119433,0.0168987,0.0272847,0.0364686,0.0112194
2025-07-01,0.015283,0.0140527,0.0144845,0.026515,0.0472494,0.0148909
2025-08-01,0.014896,0.0152799,0.0181138,0.0284347,0.0380067,0.0140159
2025-09-01,0.0154118,0.0157896,0.0165988,0.0286725,0.0240735,0.0125282
2025-10-01,0.0136045,0.0134152,0.015001,0.0284042,0.0287228,0.0134258
2025-11-01,0.0240306,0.026668,0.0192975,0.028148,0.093195,0.0213971
2025-12-01,0.0238862,0.024821,0.0163998,0.0237647,0.0791525,0.0215472
2026-01-01,0.0232285,0.0260085,0.0155875,0.0208842,0.101873,0.0206457
2026-02-01,0.0208493,0.0252997,0.0152633,0.0263315,0.0863908,0.0225129
2026-03-01,0.024098,0.0215217,0.0159856,0.0309257,0.0671697,0.0206823
2026-04-01,0.0232411,0.0223506,0.0150008,0.0365936,0.0963587,0.0202731
2026-05-01,0.0203938,0.0203785,0.0158874,0.0338252,0.0551443,0.0206281
2026-06-01,0.0160817,0.0161681,0.0169571,0.0307672,0.0536571,0.0156876
2026-07-01,0.0211056,0.0207856,0.0200661,0.0138994,0.0594719,0.0213195
2026-08-01,0.0183967,0.0178145,0.0153643,0.0158935,0.0413808,0.0187198
