month,load_gw,temp_c
2012-01-01,68.2615,6.60801
2012-02-01,77.8478,2.07878
2012-03-01,57.7375,10.4919
2012-04-01,55.4857,10.3306
2012-05-01,47.0952,15.9982
2012-06-01,45.8408,18.4018
2012-07-01,45.5602,19.7523
2012-08-01,42.9969,21.6544
2012-09-01,45.9261,16.826
2012-10-01,51.5931,13.4821
2012-11-01,61.1601,8.67274
2012-12-01,66.2971,6.89212
2013-01-01,71.634,4.51491
2013-02-01,73.417,3.55787
2013-03-01,66.206,6.40511
2013-04-01,55.7524,10.9752
2013-05-01,49.2866,12.7774
2013-06-01,45.6039,17.5125
2013-07-01,46.4428,22.6521
2013-08-01,42.191,20.5779
2013-09-01,45.8785,17.4982
2013-10-01,49.4936,14.9239
2013-11-01,62.5749,8.07486
2013-12-01,66.9364,6.29344
2014-01-01,65.9232,7.62813
2014-02-01,65.89,7.92658
2014-03-01,57.7052,9.68763
2014-04-01,50.1359,12.9516
2014-05-01,46.3501,14.6745
2014-06-01,44.9818,19.1378
2014-07-01,45.2838,20.5961
2014-08-01,41.3299,18.6489
2014-09-01,45.8876,18.3281
2014-10-01,48.5216,15.2241
2014-11-01,56.1124,10.8233
2014-12-01,66.0622,6.232
2015-01-01,70.2116,5.40296
2015-02-01,72.0157,4.67792
2015-03-01,61.1973,8.74072
2015-04-01,50.9461,12.6085
2015-05-01,45.3393,15.2859
2015-06-01,45.9045,19.621
2015-07-01,46.5885,22.435
2015-08-01,42.1312,21.4784
2015-09-01,46.2731,15.8284
2015-10-01,52.3111,12.1795
2015-11-01,56.7305,11.2377
2015-12-01,59.7374,9.66373
2016-01-01,67.0315,6.65875
2016-02-01,66.3458,7.03954
2016-03-01,63.2613,7.75149
2016-04-01,54.0087,10.7935
2016-05-01,46.4229,15.0647
2016-06-01,45.3472,18.3018
2016-07-01,44.9989,21.0812
2016-08-01,42.8594,21.5171
2016-09-01,45.8822,19.4007
2016-10-01,51.4989,12.1225
2016-11-01,61.1689,8.5477
2016-12-01,67.7206,4.88934
2017-01-01,76.7225,2.62781
2017-02-01,64.8948,7.86496
2017-03-01,57.1713,10.8577
2017-04-01,50.5952,11.2369
2017-05-01,46.8113,16.6554
2017-06-01,46.0503,21.2122
2017-07-01,45.2004,21.531
2017-08-01,42.8104,20.7925
2017-09-01,46.4257,15.8784
2017-10-01,48.8753,14.4869
2017-11-01,62.0848,8.17831
2017-12-01,69.1416,5.94444
2018-01-01,65.1026,8.3776
2018-02-01,74.2678,2.85516
2018-03-01,64.8889,7.81194
2018-04-01,50.0791,13.8997
2018-05-01,45.4068,16.4596
2018-06-01,45.0165,19.9376
2018-07-01,46.1777,23.322
2018-08-01,43.2744,21.9265
2018-09-01,45.1079,18.1999
2018-10-01,49.5337,14.0554
2018-11-01,60.4201,9.015
2018-12-01,63.5352,7.56346
2019-01-01,72.3084,4.5855
2019-02-01,65.5386,7.44269
2019-03-01,57.7319,10.0368
2019-04-01,52.3459,11.774
2019-05-01,47.56,13.9067
2019-06-01,44.9806,20.063
2019-07-01,46.2077,22.7421
2019-08-01,42.0931,21.3614
2019-09-01,44.4559,17.9264
2019-10-01,48.5601,14.4419
2019-11-01,60.6932,8.62595
2019-12-01,62.7741,7.68908
2020-01-01,66.4518,7.005
2020-02-01,61.948,9.20925
2020-03-01,55.4994,9.10055
2020-04-01,42.3219,14.2528
2020-05-01,40.96,16.454
2020-06-01,42.5091,18.6261
2020-07-01,44.0305,21.3422
2020-08-01,41.9208,22.3664
2020-09-01,44.5993,18.7264
2020-10-01,51.2135,12.8721
2020-11-01,55.0497,10.052
2020-12-01,63.7004,7.10396
2021-01-01,70.7165,4.93806
2021-02-01,63.5681,7.73543
2021-03-01,58.6253,8.66332
2021-04-01,52.0114,10.0514
2021-05-01,46.6926,13.5889
2021-06-01,44.149,20.0684
2021-07-01,43.8925,20.3812
2021-08-01,41.5287,19.5804
2021-09-01,44.591,18.8106
2021-10-01,49.1462,12.8738
2021-11-01,61.4877,7.45111
2021-12-01,66.105,7.065
2022-01-01,70.1139,4.89499
2022-02-01,63.7788,8.03928
2022-03-01,57.3678,9.80931
2022-04-01,51.1827,11.7217
2022-05-01,43.8031,17.4837
2022-06-01,44.4878,20.6124
2022-07-01,44.8062,23.1043
2022-08-01,42.3217,23.4488
2022-09-01,43.6625,17.6317
2022-10-01,43.0924,16.5922
2022-11-01,51.1674,10.4872
2022-12-01,61.5914,6.21709
2023-01-01,62.6983,6.50036
2023-02-01,61.8263,6.49507
2023-03-01,54.6057,9.90617
2023-04-01,48.6549,11.2989
2023-05-01,42.2207,15.8153
2023-06-01,42.479,21.4608
2023-07-01,42.9069,21.575
2023-08-01,41.0841,21.3246
2023-09-01,42.9239,20.7773
2023-10-01,44.2437,15.746
2023-11-01,54.5369,9.83988
2023-12-01,59.3469,8.05799
2024-01-01,65.266,5.60256
2024-02-01,57.3047,9.46741
2024-03-01,53.2834,10.311
2024-04-01,48.658,12.3139
2024-05-01,42.9987,15.4808
2024-06-01,42.5271,18.4393
2024-07-01,43.6462,21.2652
2024-08-01,41.7633,21.8748
2024-09-01,43.2503,16.6445
2024-10-01,46.0117,14.5804
2024-11-01,54.6285,9.3374
2024-12-01,61.9802,6.47648
2025-01-01,66.5496,5.38824
2025-02-01,62.928,6.30631
2025-03-01,54.8284,9.38186
2025-04-01,46.239,13.6156
2025-05-01,41.9516,16.2638
2025-06-01,43.944,21.9943
2025-07-01,44.2504,21.6757
2025-08-01,41.5824,21.7595
2025-09-01,43.6289,16.8061
2025-10-01,47.0115,13.4575
2025-11-01,55.516,9.40677
2025-12-01,60.3948,7.40692
2026-01-01,67.1923,5.68841
2026-02-01,59.455,9.3951
2026-03-01,53.7264,10.0314
2026-04-01,46.6127,13.829
2026-05-01,43.4363,17.3972
2026-06-01,45.7085,22.7983
2026-07-01,45.3765,24.7289
2026-08-01,42.0558,23.8622
