period,model,label,hours,mape,mape_lo,mape_hi,rmse_mw,mae_mw,bias_mw,mape_vs_rte,mape_vs_rte_lo,mape_vs_rte_hi
evaluation,point,gridcast,38732,0.0194609,0.0185381,0.0204865,1406.91,1001.28,1.19677,0.00304014,0.00213345,0.00395972
evaluation,point_raw,"gridcast, no level correction",38732,0.0207717,0.0196976,0.0220248,1510.06,1073.8,496.54,0.00435096,0.00333315,0.00554457
evaluation,rte_j1_adj,"RTE J-1, level-corrected",38732,0.0164207,0.0158548,0.0169945,1087.67,817.549,13.3897,0,0,0
evaluation,rte_j1,"RTE J-1, as published",38732,0.0262512,0.0251271,0.0273219,1648.97,1299.5,-947.034,0.00983046,0.00884123,0.0108689
evaluation,naive,Seasonal naive (D-7),38732,0.0640704,0.0582648,0.0709923,5019.25,3374.47,38.8988,0.0476496,0.0419183,0.0542148
evaluation,point_oracle,gridcast with observed weather (oracle),38732,0.0185218,0.0176449,0.0194908,1317.87,946.702,1.69933,0.00210104,0.00123354,0.00295861
pre-crisis,point,gridcast,3672,0.0183219,0.0152312,0.0218831,1252.24,860.574,47.7408,0.00261715,-0.000436646,0.00579842
pre-crisis,point_raw,"gridcast, no level correction",3672,0.0171153,0.0142842,0.0206048,1199.44,801.583,204.876,0.00141057,-0.00161322,0.00448845
pre-crisis,rte_j1_adj,"RTE J-1, level-corrected",3672,0.0157047,0.0138406,0.0178006,1019.34,713.332,112.573,0,0,0
pre-crisis,rte_j1,"RTE J-1, as published",3672,0.0197742,0.0171567,0.0227836,1264.05,906.228,-471.495,0.00406947,0.00226966,0.00591727
pre-crisis,naive,Seasonal naive (D-7),3672,0.0582274,0.0420579,0.0809781,4429.5,2772.28,346.388,0.0425226,0.0272044,0.0640314
pre-crisis,point_oracle,gridcast with observed weather (oracle),3672,0.0177266,0.0148262,0.02109,1192.49,830.596,46.5054,0.00202183,-0.00108417,0.00507228
crisis,point,gridcast,5087,0.0208583,0.0181854,0.0238744,1623.38,1167.5,73.1877,0.00404913,0.00153663,0.00652549
crisis,point_raw,"gridcast, no level correction",5087,0.0254223,0.0214426,0.029947,1938.93,1421.33,1055.92,0.00861317,0.00470356,0.0124323
crisis,rte_j1_adj,"RTE J-1, level-corrected",5087,0.0168091,0.0147718,0.0189967,1243.06,911.478,-130.646,0,0,0
crisis,rte_j1,"RTE J-1, as published",5087,0.0219972,0.0189444,0.0252058,1561.63,1182.65,-726.947,0.00518802,0.0030305,0.00783555
crisis,naive,Seasonal naive (D-7),5087,0.0808325,0.0601793,0.105381,6516.73,4592.98,-213.21,0.0640234,0.0432808,0.086788
crisis,point_oracle,gridcast with observed weather (oracle),5087,0.0205075,0.0178628,0.0233447,1545.07,1137.37,38.691,0.0036984,0.00139613,0.00596376
post-crisis,point,gridcast,29973,0.0193632,0.0182202,0.0204502,1385.08,990.303,-16.7236,0.00292071,0.00197531,0.00384675
post-crisis,point_raw,"gridcast, no level correction",29973,0.0204303,0.0192066,0.0216927,1460.26,1048.17,437.335,0.00398781,0.00287082,0.00509403
post-crisis,rte_j1_adj,"RTE J-1, level-corrected",29973,0.0164425,0.0157884,0.0170653,1067.33,814.374,25.6843,0,0,0
post-crisis,rte_j1,"RTE J-1, as published",29973,0.0277667,0.0266197,0.028887,1704.13,1367.51,-1042.65,0.0113242,0.0102217,0.0124472
post-crisis,naive,Seasonal naive (D-7),29973,0.0619414,0.055609,0.0687415,4789.95,3241.44,44.016,0.0454988,0.0393633,0.0521728
post-crisis,point_oracle,gridcast with observed weather (oracle),29973,0.0182822,0.0172702,0.0192585,1290.32,928.567,-10.0681,0.00183964,0.000924231,0.00267588
