local_hour,bias_2015_2021,bias_since_2023
0,-0.0233446,-0.0431158
1,7.35894e-05,-0.022953
2,-0.00670335,-0.028754
3,-0.0122529,-0.0332583
4,-0.00625783,-0.023895
5,0.00487089,-0.00570582
6,0.0102087,0.00471983
7,0.00882903,0.00295957
8,0.00510791,-0.00503243
9,0.0018667,-0.0132394
10,-0.0017823,-0.0208898
11,-0.0018017,-0.0224931
12,-0.00477113,-0.0266327
13,-0.00988093,-0.0394729
14,-0.0104498,-0.0389102
15,-0.014877,-0.0423691
16,-0.0134225,-0.0381633
17,-0.00535761,-0.0229711
18,0.0035061,-0.006847
19,-0.00480026,-0.0163944
20,-0.0127408,-0.0333031
21,-0.0105068,-0.0297548
22,0.00739133,-0.0132689
23,0.00410549,-0.0138021
