local_hour,raw_bias_c,mos_bias_c,raw_mae_c,mos_mae_c
0,1.071,0.0143,1.254,0.9516
1,1.141,0.009765,1.293,0.9651
2,1.221,0.007797,1.362,0.9978
3,1.271,0.01058,1.404,1.019
4,1.296,0.01001,1.424,1.04
5,1.312,0.01164,1.441,1.053
6,1.304,0.01019,1.439,1.063
7,1.236,0.01076,1.376,1.04
8,0.9593,0.007202,1.155,0.9518
9,0.5418,-0.0006187,0.8919,0.8049
10,0.2005,3.355e-05,0.7568,0.7152
11,0.008687,0.006667,0.7359,0.7097
12,-0.07132,0.00285,0.7633,0.7426
13,-0.0478,0.008646,0.7864,0.7626
14,-0.04476,0.009478,0.787,0.7659
15,-0.02334,0.007352,0.8007,0.7812
16,-0.04796,0.004653,0.8147,0.7858
17,-0.01493,0.0073,0.815,0.757
18,0.0666,-0.0006199,0.85,0.7629
19,0.2167,0.0174,0.922,0.7765
20,0.3863,0.02031,0.989,0.8252
21,0.5818,0.01648,1.055,0.8775
22,0.8208,0.01616,1.108,0.8885
23,0.9741,0.01352,1.188,0.9205
